date,btc_return,eth_return,gold_return,ruonia_return,moex_return,ofz_return
2016-03-20,0.0200262743937696,0.0659021781266058,-0.0303001624600205,0.0014975838822715,-0.0252853891609536,-0.0045561683511661
2016-03-27,-0.0078758318402545,0.0413052627485422,-0.0077297198134546,0.0014701947023304,-0.0050819341173949,0.0028596842922179
2016-04-03,-0.0080144906402839,-0.2449319496578804,0.0077170506863043,0.0015320939805386,0.0109801748044981,-0.0044088712790472
2016-04-10,0.0175017012508583,-0.0797949463989449,-0.0159264779072298,0.0014614301722326,0.0161216685717387,0.0017039737683473
2016-04-17,0.0468013335395079,-0.0082950722541172,-0.0003023394107422,0.0014734814745774,0.0307014492632076,0.0019328159405365
2016-04-24,-0.0313971472755441,0.019489574227848,0.0208188580956222,0.0014578694488987,-0.0072494584527282,0.0072341395982545
2016-05-01,0.0418499310145777,0.0724998677960162,0.0158950305960465,0.0014696469222096,-0.026717651280684,-0.0009205984539701
2016-05-08,-0.0120852902857264,0.0755874822726127,-0.0192810387813545,0.000888909312723,0.0029563526619105,0.0050528357388807
2016-05-15,-0.0083500857690344,0.340695164207597,0.0032306012225423,0.0011713351310713,-0.008350669294657,-0.002599787364291
2016-05-22,0.1569198610531567,-0.1658489112878926,-0.0424101687462758,0.0015331895353797,0.0189850448417169,-0.0004594884442919
2016-05-29,0.0796456298683685,0.134534304111774,0.0185038706140269,0.0015466100879209,-0.021361858015162,-0.0026077634045008
2016-06-05,0.0284291082565086,0.0190590254677076,0.0183300920622511,0.0015364762173811,0.0088486113370202,0.0109223923345023
2016-06-12,0.2357729470636382,-0.2217478631480142,0.0124448274592464,0.0014745770387204,-0.0140400329929475,-0.0025861427663886
2016-06-19,-0.1210319266483943,0.2330347301067536,0.0198611745393814,0.0011373725204369,0.0039027240960732,0.000228458288318
2016-06-26,0.028066318929677,-0.1872199942114236,-0.0029642609822152,0.0013981606148209,0.0064585800394117,0.014964003528517
2016-07-03,-0.0660747148110105,-0.10519311863437,0.0206375585094305,0.0014211678520643,-0.0011975828198606,-0.0075295890712659
2016-07-10,0.0063606581695441,0.0653325404509336,-0.0286098479236456,0.0013869308690426,0.0242502496697827,0.0024156424519419
2016-07-17,0.0128446559840562,0.2166641250468294,0.0095732980762171,0.001406925314684,-0.0072135274982149,-0.0046098702456367
2016-07-24,0.0171728036858208,-0.111493320265072,0.0392815168227918,0.0014156899423786,0.0091540912823053,0.00370468801592
2016-07-31,-0.1177215753502066,-0.2165860515183076,-0.018965204125819,0.0014228112318871,-0.0001594268863962,0.0033902168305931
2016-08-07,-0.0150823248631101,0.1103104392943589,-0.0115455921844829,0.00140144737124,0.0116938867880907,0.002253776027253
2016-08-14,-0.0167636478872335,-0.0326864079152984,-0.0091618296225196,0.0014217156613673,-0.0037994392392041,0.0020989512953317
2016-08-21,-0.0065882998950977,0.0094071620572479,-0.0006082791246895,0.001413224916344,0.0170150345689741,0.0002246265592912
2016-08-28,0.0524880002455259,0.0735487436533892,0.0065040873499521,0.0014025429770182,0.005213765713414,0.0056737740859078
2016-09-04,0.0377501859792734,0.0056685958231809,-0.0019065011375067,0.0014074731155853,0.012142946116134,0.006899393071872
2016-09-11,-0.0237339540913051,0.0582873013075516,-0.0089078155174538,0.0014063775314122,-0.0230870982236054,-0.0053372995493341
2016-09-18,-0.023884272764257,-0.0117678294401677,0.0040847344453363,0.0014395187632701,0.0149585015565731,0.000148643627178
2016-09-25,-0.0014274032914078,0.0053877819895296,-0.0355090303678616,0.0013565281996018,-0.0169585224254847,0.0
2016-10-02,-0.0030784617423194,-0.0824227113303174,-0.0559264870935716,0.0014058296368877,0.0010207124650096,-0.0028280140898959
2016-10-09,0.0430167700499354,-0.0083522772365474,0.0071294087473648,0.0013959694668806,-0.0069075712841407,-0.004706242578772
2016-10-16,0.0191510833427147,0.0135687231971746,0.0033935465424105,0.0014343148010716,-0.0044290595810293,0.0008981364274117
2016-10-23,0.0969031694467487,-0.1588861158837049,0.0175296315891215,0.001425550179978,0.0122150239671991,-0.0063039608389697
2016-10-30,-0.0091266791030448,0.0824307549111261,0.0307429154816166,0.0013984345500053,-0.009659167448479,-0.0022610802518246
2016-11-06,0.0368197505839833,-0.0759558268981581,-0.0284411780391818,0.0010861537352853,0.0346549875433932,-0.0061305773844237
2016-11-13,0.0437693050770674,-0.044666269498405,-0.0302542358970358,0.0013335205388679,0.0031300621838809,0.0021992197845046
2016-11-20,-0.0147595597008381,-0.0381144209586133,-0.017086680493953,0.001389122081124,0.0289447830354756,-0.0015161855682938
2016-11-27,0.0236534342219265,-0.1816380747538272,-0.0222159727433009,0.0013847397248534,0.014591684777617,0.0025004748773653
2016-12-04,-0.0092359419875714,0.0042240918295249,-0.0382970267915435,0.0013918610113605,0.036679446983199,0.0100147668843204
2016-12-11,0.0105101497890479,-0.0556216139335245,-0.0271518654508907,0.001393778320066,0.0103065368156948,0.0041869220043452
2016-12-18,0.1071133074109185,-0.080968395202459,-0.01739020001089,0.0013841919329544,-0.026442140024048,0.001416589239688
2016-12-25,0.081553301553008,0.1019813347888142,0.0196092387435811,0.0013877525999519,0.027029040511983,0.0037183057639232
2017-01-01,-0.108090487790056,0.1794076325427612,-0.0095733035871899,0.001139015882555,-0.0084513563424945,0.0055516630986284
2017-01-22,-0.0003154115603041,-0.039913332483311,-0.0141914204636581,0.0013965172792595,0.0479485246696214,-0.005813755934426
2017-01-29,0.1022540429466788,0.0601797066774866,0.0093913701860207,0.0013855613149506,-0.0175579782208921,0.0037570488777123
2017-02-05,-0.0360166271121782,-0.0120945194359202,-0.001371849464689,0.0013926827132373,-0.0293586525080393,-0.0009563394998198
2017-02-12,0.046229039489523,0.1247260796927623,0.0044641339824337,0.001382274580963,-0.0158403461258171,-0.0067942067722184
2017-02-19,0.0878381732366084,0.0575603224547455,0.0172118261634404,0.0014121293175423,-0.016639807803806,0.0010368835175763
2017-02-26,0.0921822170531357,0.3080268197574409,-0.0215335530053538,0.0008327611181108,-0.0174463097120494,-0.0025200131924834
2017-03-05,-0.0564623842495281,0.154156323264352,-0.0111779719228478,0.0013622801190422,-0.0411534559236371,0.0042950302993076
2017-03-12,-0.224368405995656,0.4430033568809518,-0.0102983941000085,0.0010702677180821,0.031416822949733,0.0072888229925913
2017-03-19,-0.0111002806958416,0.3888496780638772,0.0063094715556411,0.0013650191309001,0.0013785560706813,0.0013928089338807
2017-03-26,0.1058469538342681,-0.0141849680645113,-0.0070486103816599,0.0013611845444722,-0.0217419799680649,0.0019028108785733
2017-04-02,0.1008922524824743,-0.1107466693538253,0.0212243807526289,0.0013537892895461,0.0121162898837218,0.0005116772159441
2017-04-09,-0.0188954024200743,0.0948201812446751,0.0092451695553376,0.0013020221292873,-0.0528203412284448,-0.0022679894127437
2017-04-16,0.0546373569797412,0.0496873237996441,0.0008432608136253,0.0012968180744414,0.0147269827493508,0.0081698608919559
2017-04-23,0.0824195288055097,0.3521931163997336,-0.0044585412202128,0.0013127043769489,0.0363494629086484,0.0050001915838223
2017-04-30,0.1629418243542545,0.2907591175085139,-0.0147557057235087,0.0013203735763621,-0.0071160156169421,-0.0055815446995344
2017-05-07,0.1174842666590118,-0.0871098063544232,-0.0138241259252963,0.0010258957932428,-0.003917953267887,0.007314897726331
2017-05-14,0.1426345911085647,0.3107309105309681,0.018511850354238,0.0007473041575595,-0.0162652879001191,-0.0005052510122279
2017-05-21,-0.0011973419338482,0.1909810573819511,0.0019583005127136,0.0012351898699498,-0.0144485595147157,-0.0031817222589462
2017-05-28,0.2174871212863406,0.3715839630169174,0.0123622417461798,0.0012316291009976,-0.027453691121705,0.0023149833097778
2017-06-04,0.137184323779751,0.4132437324521333,-0.0040082707871145,0.0012598412637106,0.0007808329812617,0.0010111224319488
2017-06-11,-0.0751734441799331,0.1253203484831098,0.0030235302370826,0.0012697016953864,-0.0326126710008501,-0.0060821272135066
2017-06-18,0.0027988261165133,-0.1777447872475084,0.0301896889766653,0.0010078182230608,0.0241450934799408,0.0011613560135248
2017-06-25,-0.0737182964671041,-0.1597865284625997,-0.0199358752945796,0.0012176598912787,0.0064265652360212,-0.0002176515407438
2017-07-02,0.0800744562543632,-0.0152454724008979,0.0004348429626202,0.0012403940614114,0.0173950451254381,-0.006405612236145
2017-07-09,-0.2826648849843085,-0.3868805681928876,-0.0081940527332296,0.0012340942633462,0.0248956229593897,0.0050260512985243
2017-07-16,0.3669793963709912,0.3151276018079253,0.0258988596448244,0.0011910909668158,-0.0183029541798578,0.0016697524660646
2017-07-23,-0.0340470949756099,-0.1122808104018622,0.014311250167199,0.0012228641439603,-0.0043624544701989,-0.0013065255542217
2017-07-30,0.1840634523702342,0.2123241939259699,-0.0013656134558076,0.0012387506289238,0.0189864730258706,0.0026837864728795
2017-08-06,0.1693049598216821,0.1889646023192278,0.0222524595399112,0.0012004036700604,-0.0044429468312165,0.0002897081210964
2017-08-13,0.0548728164150489,-0.0628307637828417,-0.0183482243147401,0.0011472655863042,-0.0072867587367135,0.0022423966863095
2017-08-20,0.0403742415903775,0.1207784311933774,-0.0019376339499535,0.0011535655254921,0.0247745960028613,7.225172504128616e-05
2017-08-27,0.0312602214156058,0.0178634147735076,0.0074768167333718,0.0011623306284536,0.0159597585225462,0.0046851997622612
2017-09-03,-0.0563662288719236,-0.1323141576171565,0.013508225683665,0.0011828737526102,0.010767390665595,0.0068083539589622
2017-09-10,-0.1539105083384125,-0.1758086168081523,-0.015522073112215,0.0011749303695317,0.010307048687668,-0.0003571811303466
2017-09-17,0.0211165972456133,0.1195665106738064,-0.0196830700605657,0.0011552089320201,-0.0010620056339362,-0.0007147452237664
2017-09-24,0.1409715427423007,0.0597418535466989,-0.0137164926480011,0.0010960442421044,0.0123814196439719,-0.0014310248578314
2017-10-01,0.0291699273851185,0.038158628834506,0.0093950046765644,0.0011286396484082,0.0079932337211225,0.0020028618998614
2017-10-08,0.2548196148534786,0.0678570041091974,0.004777488588522,0.0011152180468492,0.0023422063214066,0.0054162048025927
2017-10-15,0.0363414101521201,-0.119905271579611,-0.0130986212756113,0.0011201484485235,-0.0129191841468368,-0.0012089750076896
2017-10-22,-0.0378114317499065,-0.0094434947713655,0.0041542496269984,0.0010848137701691,-0.0014828807307947,-0.0030645357696923
2017-10-29,0.2687318375366792,0.0374817902890344,0.0145252804527639,0.0010801572767479,0.0059712315758132,0.0002854695994264
2017-11-05,-0.1474897862771645,0.0466024924641469,0.0071644356317923,0.0011078224554423,0.0414654700248222,-0.0017140412709523
2017-11-12,0.2022860565031223,0.0994523957811756,0.0116612327432249,0.0008511423128303,-0.0173678040401571,0.0
2017-11-19,0.106182747674439,0.2797464493511454,-0.0164986083513907,0.0010886485942015,0.0136314501854156,0.0019994294007431
2017-11-26,0.2292528458274377,-0.0095505856296198,0.0027180579955794,0.00109193555296,-0.0258640763518768,0.0023513495460701
2017-12-03,0.3121664553598356,0.0163452037439733,-0.0208703572076628,0.0011220658544621,-0.0004749488331922,0.0013513035020944
2017-12-10,0.2587501146000815,0.387481934981585,-0.0004661183820709,0.00110042682247,0.0183578624893373,0.0023426695838055
2017-12-17,-0.3028349541407294,-0.0230851346241231,0.0082510579414908,0.0010872790286277,-0.019332213375489,0.0022664504354504
2017-12-24,-0.1518161018414595,0.0011398001623192,0.0082934051172604,0.001028935216779,0.0032283515035285,0.0009899590682616
2017-12-31,0.3042127592065476,0.3758544870574978,0.0026275463581056,0.0008223811239527,0.0452551654163163,0.0033162845704348
2018-01-21,-0.12266624018423,-0.0357496107367315,0.0055298710129599,0.0009610035300195,0.00389821494652,0.0002107851755565
2018-01-28,-0.2106630832882216,-0.1324063821901241,-0.0075983154301746,0.0009683993312828,-0.0058639918094144,0.0073496288558228
2018-02-04,-0.0446531637315688,-0.100006365073633,0.0196582766394178,0.0009914085288608,-0.037834723199507,0.0030638558888501
2018-02-11,0.222722611162049,0.0972333381226708,-0.0113816574029629,0.000973603818805,0.026122287864584,0.0045782543897219
2018-02-18,-0.1297397029314264,-0.1499714001182073,-0.0118904401487904,0.0009549772421067,0.0355213310558187,0.000553518314831
2018-02-25,0.1663957322855556,0.0306499956275521,6.511303150872136e-05,0.000796632994659,-0.0207458917596345,-0.0007611666976502
2018-03-04,-0.2660665788891043,-0.2290490786122206,-0.0015418490238281,0.0010078435968864,0.0099337197673097,0.0027651061444791
2018-03-11,-0.0921118042579892,-0.2007508648827408,0.0072769732401753,0.0005900789466252,-0.0074203223923077,-0.0033883101254567
2018-03-18,0.0781354289744109,-0.0595264728423102,0.0211560619962029,0.0009960651551595,-0.0039605914488074,0.0060080979044118
2018-03-25,-0.2108466471346481,-0.2807063195423314,-0.0188926294456009,0.0009686732674474,-0.0063864885425424,-0.0017917446734032
2018-04-01,0.0129298151284017,-0.0057187338981429,0.0237946404872621,0.0009670297439503,0.0045033147953898,-0.0011042099120569
2018-04-08,0.2117995813294629,0.3308851735887519,0.073309242947981,0.0009604556873276,-0.0476125461335481,-0.0186087538636658
2018-04-15,0.0986821705022096,0.1765978904402513,-0.0176846454254244,0.0009667558301454,0.0260914746800879,0.0051922653838699
2018-04-22,0.0590969836196725,0.1331162446550073,0.0028369352857971,0.0009634688085119,0.030363039539838,0.0009093771393711
2018-04-29,0.0585838942265276,0.1864438198161649,0.0005141526578402,0.0011404395275389,-0.0052363895418224,-0.001749536819121
2018-05-06,-0.1625942228530261,-0.1894530548069573,-0.0076499170458998,0.0003791421379277,0.0240759202210785,0.0006301859256976
2018-05-13,-0.0199444546578028,0.0242973551906526,-0.013977483267326,0.0007322617128624,-0.007842170236439,-0.0025231300181212
2018-05-20,-0.1133568447183445,-0.1717994487855151,0.007049324548789,0.0009626470333326,-0.008792527147267,0.0017528488274143
2018-05-27,0.0368147016142533,0.0064977698004298,-0.0077384458947815,0.000956072959153,-0.0048805918810697,-0.000911097935962
2018-06-03,-0.0153567563142989,0.0061159364895836,0.0062257711609453,0.0009678515199549,-0.0120178688130244,-0.0069657273738525
2018-06-10,-0.1304701440176258,-0.1642501506664446,-0.0008239527563185,0.0011292087638834,-0.0134905329765605,-0.0043872133771663
2018-06-17,-0.0583621473178432,-0.0518757358106213,-0.0132144609859187,0.0005744655425825,0.0054154049813486,-0.0060461826610574
2018-06-24,0.0345801288306577,-0.0486240844588736,-0.0151939655750815,0.0009566208097976,0.020358717337146,-0.0012850719266876
2018-07-01,0.0594315872819054,0.0735314292526006,0.0053084476643496,0.0009829170734279,0.0213007344616631,0.000785517946629
2018-07-08,-0.0850579307008293,-0.1182923383855573,-0.0173621000097649,0.0009445682710378,0.0004475884648052,0.0057653456966118
2018-07-15,0.1844412026633828,0.0764088904054521,0.0072429918885414,0.0009574425115954,-0.0429341664919817,-0.0074084966289137
2018-07-22,0.0943452551741633,0.0043243577430188,-0.018110348674831,0.0009719603100893,0.0197780279965256,-0.0029358082022227
2018-07-29,-0.1517359955926739,-0.1325021339747337,0.00043069037088,0.0009714122555847,0.0022959421592743,-0.0045279841620602
2018-08-05,-0.051641195857028,-0.1815964435970549,0.0649197077937225,0.0009957909748446,-0.0100327976236212,-0.019200589856617
2018-08-12,0.0135786733187018,-0.087370921664235,-0.0319607267193986,0.0009582643033569,-0.0087988435670037,-0.0148698874524402
2018-08-19,0.0549260978943591,-0.0563232909606709,0.0184005651201689,0.0009708646288338,0.0108669876515248,-0.0005964363108295
2018-08-26,0.0721272515437126,0.0685882289883664,0.0027250834517022,0.0009462118167446,0.0285776353002973,-0.0002983516095823
2018-09-02,-0.116326187291884,-0.3715929540528395,0.0299316416502807,0.0009845605878459,-0.0102964486771247,-0.0221761991706578
2018-09-09,0.026214323155567,0.093777060364802,-0.0282923318111821,0.0009631948667951,0.0164204215697589,0.0152143115615881
2018-09-16,0.0070910132068982,0.0569389880147122,-0.0198233213110709,0.0009538815964912,0.0278017346251744,0.0076330535986926
2018-09-23,-0.031942402276462,-0.0509599760326601,-0.0193254966707202,0.0009864780040637,0.0198123229026156,0.0070571923099987
2018-09-30,0.0144274376658985,-0.0136978519141906,0.0245729208420995,0.0010015435000626,-0.0099305359485778,-0.0090720431837835
2018-10-07,-0.0494870115261788,-0.1194675305937454,0.0054843567961224,0.0010089392734903,-0.0197290243906759,-0.003292184043477
2018-10-14,0.0293442907914345,0.0238153503140214,-0.0026510632230318,0.0009925042014131,-0.0245304339999722,0.0063501763575048
2018-10-21,-0.0084683828083303,-0.0143764462680889,0.009381580737159,0.0010048305268733,-0.0222389021980436,-0.0005959475742527
2018-10-28,-0.0094429077807324,-0.0130892878843927,0.0067595402365296,0.0009829170616478,0.0362818285238574,0.0008193363834024
2018-11-04,0.0347782553612373,0.0912051317479496,0.0093229615871536,0.0009730559567559,0.0106747545013917,-0.0115322530131731
2018-11-11,-0.1656247734338697,-0.2205400070354477,-0.0219879201260534,0.0008097810337727,-0.0128976231686829,0.0148771106305414
2018-11-18,-0.3572019258763984,-0.4302712692379403,0.0046634309081624,0.0009834648406374,-0.0125965479615439,-0.0094688498707111
2018-11-25,0.0793372095292933,0.0440201426471164,0.0103536553102619,0.0009634688011585,0.020919488998598,0.0034400273229768
2018-12-02,-0.209757397345455,-0.2747637634474478,0.0129031684531054,0.0010204437914331,0.0160831363464665,-7.465750871360062e-05
2018-12-09,-0.0554239974938748,-0.0713241233921414,-0.0027823111106309,0.0010105827921101,-0.0273522465428142,-0.0009710551650066
2018-12-16,0.2365741123538625,0.3538834874065533,0.0455007556821476,0.0010171568030383,-0.0078593870098185,-0.0009719990297591
2018-12-23,-0.0580200905612825,0.1523296056047099,0.0286804649947135,0.0010475614837494,0.0048154766033732,0.0037332978476038
2018-12-30,-0.004731820887584,0.1125469305620688,-0.0224713763902822,0.0010215393945819,0.0201475860188476,0.0025307047373268
2019-01-20,-0.0337067873192893,-0.0644330496904479,0.0128401422339837,0.001036330947964,0.0099038590301847,7.331109566709189e-05
2019-01-27,-0.0267765148472405,-0.0529162932419882,0.0038497379493822,0.0010437266654937,0.0093507961317026,0.0051913983444407
2019-02-03,0.0487601292282284,0.0805625388346858,0.0013975263098713,0.0010541354373548,-0.0075151810953294,-0.0013135811565528
2019-02-10,-0.0044422616145376,0.0361264019705262,0.0131419551728432,0.0010360570313829,-0.0050711307198328,-0.0060060240602119
2019-02-17,0.1163523627701066,0.2393568547484504,-0.0089491680799789,0.0010272917049873,-0.0006146071829346,0.0004406904221156
2019-02-24,-0.0665184090975309,-0.1675787549454547,-0.017880605056351,0.0010218133473281,-0.0042765395460813,0.0016142053545412
2019-03-03,0.0364466572366162,0.040463144543246,0.0088642691656797,0.0010322222059242,-0.0005530158678879,-0.0011737090549289
2019-03-10,-0.0068860068702389,0.0035462030274003,-0.0201067953355385,0.000844294443844,3.633889655333256e-05,0.0014669211960121
2019-03-17,-0.0032277371861893,-0.0282349001642163,0.0069266620547246,0.0010338656972329,0.0064273186169247,0.0070841997932381
2019-03-24,0.0418680605044794,0.0514783400884086,-0.0013732597808579,0.0010196220570709,0.0017635981964949,-0.004595361673733
2019-03-31,0.2003846224548245,0.1444892128381243,-0.0048545136092719,0.0010555049970763,0.0174237103183988,-0.0012436447705542
2019-04-07,-0.0142624782088832,-0.0297297066938923,-0.0163788533403682,0.001051944115885,0.0073441086377874,0.005911778703534
2019-04-14,0.0414666121618184,0.0521696908080084,-0.0163330214110351,0.0010590658948499,0.001631659228191,-0.0021125485911671
2019-04-21,0.0059858685918102,-0.0696603322772006,0.0190558063314156,0.0010590658590611,-7.020801076297755e-05,-0.0011674572650328
2019-04-28,0.1073821945990512,0.0318967059291537,7.453495212016449e-05,0.0010185263761904,0.0066982194855092,0.005242857709551
2019-05-05,0.2097965718520118,0.1612223707288395,0.0054289643424831,0.0004361168306328,-0.0259364358576262,-0.0005811841790907
2019-05-12,0.0048460429235764,0.1907913321357662,-0.0117534555283239,0.0006152793574777,0.0245910650671345,0.0049293321993766
2019-05-19,0.0956755680652181,0.0648790757797984,0.0014080445364108,0.0010500267178235,0.0160720219348142,0.0061995584953327
2019-05-26,0.0771885257656057,0.0675664143583908,0.0305292686303248,0.0010322221928686,0.0174436779870999,0.0007183908354936
2019-06-02,-0.0869930452213815,-0.0909390819608314,0.0178941044736948,0.0010738572364974,0.0238308645050084,0.0078684240004981
2019-06-09,0.1017275787728719,0.0878617324780246,-0.0066354408689594,0.0010503006267521,0.0035363702973293,0.0029880500319823
2019-06-16,0.1743675128941159,0.1260125997887254,0.0201147825206901,0.0008234768731107,0.0079811204832475,0.0096147789110463
2019-06-23,0.108350931305852,0.0292985124319725,0.0109799040179491,0.0010188003043263,0.0016717692076114,0.0004220596573626
2019-06-30,-0.0459020235433094,-0.0911058634270168,0.0024151495860519,0.0010245525511804,0.0248173845125302,0.0033700797184399
2019-07-07,-0.0050908640243506,-0.0815858933523957,-0.0023286678090488,0.0010004478337386,-0.0205853413525354,0.0002803279855766
2019-07-14,-0.0472601853907656,-0.1653204255576066,0.0078870604204812,0.0009864779988119,-0.0281171831565613,-0.0003504222624077
2019-07-21,-0.1262261281145851,-0.0925207442304423,0.0006866717749569,0.0009960651622872,0.0055795205905044,0.0060102214605938
2019-07-28,0.1601591638581813,0.0964037379616171,0.0451097981160735,0.0009848345069034,-0.0151303859594526,-0.0069920575728507
2019-08-04,0.0452440971940041,-0.0699707443875835,0.0385584449717898,0.000990586792548,0.0017965832408985,0.0054579940964907
2019-08-11,-0.0832101723365595,-0.0894937757882185,0.0299480557186885,0.0009675776051743,-0.0243680032846663,-0.0011171625236747
2019-08-18,-0.0163455163344824,0.0207000751823063,0.0003405567352294,0.0009620992107498,0.0172637031652759,0.0051564465169717
2019-08-25,-0.0428705499163793,-0.090980618775507,0.0074460694831463,0.0009612774486267,0.0293682392404275,0.004369090482816
2019-09-01,0.0708332520867319,0.0193883093219737,-0.0243405855623263,0.0009823692122789,0.0207715153116372,0.005245370574553
2019-09-08,-0.0332574249839525,0.0356183339222987,-0.0335390412565167,0.0009577164673434,-0.0020789767904827,0.0004817453036975
2019-09-15,-0.0388645152330598,0.1293774460744404,0.0138439278065032,0.0009264894952378,0.0016713943208968,-0.000963722797794
2019-09-22,-0.1863947579770642,-0.2044718706584319,-0.0030808596316057,0.0009267634127194,-0.0138379239624188,-0.0002066329173588
2019-09-29,-0.0107967274905496,0.015199904358033,0.0043364803433983,0.0009281330044785,-0.0240098277350797,0.0016518690520574
2019-10-06,0.0152486573649183,0.0130020982247318,-0.0162620592991054,0.0009358028305201,0.005747504073123,0.0136604815337925
2019-10-13,-0.0498417892461674,-0.0524093244488115,-0.0069782076551815,0.0009429247452902,0.0164223299656911,0.0060868576946843
2019-10-20,0.1499825432615008,0.0454206619682079,0.0113210967287337,0.0009300504800478,0.0428409437691667,0.0080586024719653
2019-10-27,0.0022246899344279,0.0133671154607667,0.0007800961362512,0.0009144369143847,0.0196394546963667,0.0008022999694914
2019-11-03,-0.0504147557846181,0.0149999933306745,-0.0327098797511462,0.0009034799731434,0.0144965180013538,0.0023363716779152
2019-11-10,-0.0361698283090941,-0.014483204599333,0.0052991543508994,0.0007018562165529,-0.0129893278749088,-0.0038746791745264
2019-11-17,-0.1470189307908548,-0.1778501994659831,-0.0019093199461046,0.0008760876252554,0.004372297658149,0.0041413458427732
2019-11-24,0.0370604985303793,0.0037829010876397,0.008405034745758,0.0008864967487914,-0.0041849101965475,-0.0031378334655332
2019-12-01,-0.0135837357007473,-0.033291044884254,-0.0118452480491247,0.0008936187652319,-0.0022543848105252,0.0008688968898771
2019-12-08,-0.0730411398176653,-0.0571368120708623,-0.0031359208757304,0.0008812921646256,0.0229091986629971,0.0033348927059037
2019-12-15,0.0010177806583663,-0.1166340026467965,-0.0079560238009135,0.0008371901655329,0.0064199164043063,-0.0012659494644697
2019-12-22,0.019132063554707,0.0020781219433377,0.0180277177644717,0.0008114409942537,0.0113874367807508,0.0030621778687861
2019-12-29,0.0084753668197595,0.0464892033479124,0.0277206428179193,0.0008415729938786,0.0084546533873888,0.0018593537463836
2020-01-05,0.0672610173100997,0.0433862564105551,-0.0100200473368548,0.0001706703664912,0.0152550607319231,0.0026502367595914
2020-01-12,0.1136281759539927,0.2078090131777135,0.004470173372682,0.0003375057673624,0.0231699429566463,0.0042917103937375
2020-01-19,-0.0580787775291647,-0.0736793762768624,0.0175923288122078,0.000817467408451,-0.0159799587777343,0.0004610875159909
2020-01-26,0.1466165858148362,0.1641785846225339,0.041430925941648,0.0008160977763232,-0.0223540326923819,-0.0028357588165972
2020-02-02,0.0562931473696326,0.1981886738817104,-0.0096328561747031,0.0008412990760225,0.0035624636169664,0.0033624557805144
2020-02-09,-0.0074531203981001,0.1623512648491886,0.0004517556594675,0.0008218502581822,0.0029913467348376,0.0054481739016403
2020-02-16,-0.0179196694997901,-0.0044254779295002,0.0444074411314775,0.0008018535013788,0.0029502303392091,0.0018966030341061
2020-02-23,-0.0792045671802683,-0.1415290346438482,0.0068514483803125,0.0007963749310736,-0.109068785124032,-0.0246730113450384
2020-03-01,0.0644096861652816,0.1120429466394199,0.0796303118722014,0.0006632326475993,-0.0238248812602144,0.0038767510621689
2020-03-08,-0.4820385387938353,-0.6024337375438408,-0.0329948539842267,0.0008117149279434,-0.1604460947758053,-0.0661141447026475
2020-03-15,0.2729179265398918,0.1734484657362262,0.0749969602223365,0.0006125557723439,0.0065533938355394,0.0026335471998771
2020-03-22,-0.0063543189743189,-0.0257633033524791,0.0629878404509807,0.0007577506918166,0.0293721143533544,0.0354050176248201
2020-03-29,0.065474042487342,0.064572175322476,-0.0305336223820797,0.0008128105961422,0.0688420965158106,0.0077911821127216
2020-04-19,0.0501007557085256,0.0425727657611578,0.0335252236120595,0.0008171934720609,0.0106181103542655,0.0182303595717233
2020-04-26,0.1707298707348245,0.0954113743716163,-0.0189922880415774,0.0008336291057638,0.033971025419903,-0.0004582801481234
2020-05-03,0.0506326725396281,-0.0305514167349016,-0.0120168755198264,0.0006284437619045,-0.0034050723456422,0.0047037389920241
2020-05-10,-0.0159214935042625,-0.0447157168612286,0.0260238935803311,0.0004350369427398,-0.0181994762408098,0.0185967779502655
2020-05-17,-0.0494216493472837,0.0024216901158524,-0.0315839606445341,0.0005917370385111,0.0435534365878167,0.0063135951568523
2020-05-24,0.0339425898573135,0.1440598766723722,-0.0252003036607437,0.000728714016795,0.0093494502917709,-0.0024824174932553
2020-05-31,-0.0233774531625478,-0.0277249609684535,-0.0450903429975061,0.0007495328556817,0.0209539160414851,-0.0057522848118188
2020-06-07,0.0011006653086315,0.0060783257840769,0.0479078341768809,0.0007336448015882,-0.0176793718524554,0.0016011788094401
2020-06-14,-0.0227664534709302,-0.0509015107926986,-0.0032898423540065,0.000564891610063,0.005404858617724,0.0075231467353449
2020-06-21,-0.0331506369428136,-0.0296562393800526,0.0208338667937832,0.0006673526810244,0.0011122363434902,-0.0076511467355197
2020-06-28,0.0366056534173278,0.0586471748345892,0.0250568600943001,0.0004887372593297,0.0143511827825056,-0.0123649179709498
2020-07-05,0.0011074100246239,0.033261612963462,0.0035036307540397,0.0004701093152167,-0.0002570235262069,0.0076173630218151
2020-07-12,0.0095629619903373,0.0018922795564393,0.0222919708638193,0.0005829796991733,-0.0093800064682669,0.0002572016475083
2020-07-19,0.0544516677093037,0.2564507727898511,0.047507643861658,0.0005805142289587,0.0313368706545777,0.0016060132575401
2020-07-26,0.2325277592505287,0.2741400048218588,0.0747611688287078,0.0005572292147691,0.0167805152819981,-0.0056000918777858
2020-08-02,-0.0126684053904744,0.0151694607065438,0.0205219268094101,0.0005695565869287,0.0206604311401803,0.0006452862068139
2020-08-09,-0.0048896497975297,0.0737593119184095,-0.0574361199776177,0.0005575031499585,0.0297121456549084,-0.0035542381272056
2020-08-16,0.0106735579020333,-0.0622106303820743,0.0240834606070641,0.0005654474742072,-0.0219171477739321,-0.0083209217015549
2020-08-23,-0.027376833538979,-0.0025128787636323,0.0021835883118071,0.0005629820024167,-0.0051675377468445,0.0026077334029321
2020-08-30,-0.1090245326831655,-0.1558163121172989,0.0023378452302808,0.0005676390067555,-0.0198660485081802,-0.0023466538374519
2020-09-06,0.0299030255053578,0.1429312684211009,0.0005115577981874,0.0005643517104845,-0.0037859738023636,-0.000783443273081
2020-09-13,0.0680748295918211,0.0015359471237274,0.0128067802157954,0.0005673650386967,0.0140834424368835,-0.0007840575377161
2020-09-20,-0.0003361875625435,-0.0517694847275528,-0.0149469055928028,0.0005736657167614,-0.0187947303255545,-0.0054399609822073
2020-09-27,-0.0176721307412854,-0.0251210935619749,0.0201658204619137,0.0005731178354249,-0.0154492788840955,0.0038699992546244
2020-10-04,0.0507874582521548,0.0503555888620759,-0.0022425377652682,0.000563529860639,-0.0064468587889208,0.0072404999790839
2020-10-11,0.0201871195776353,0.0104230733514451,-0.0013480016049133,0.0005665432265986,-0.0122657800273342,-0.0019517278981916
2020-10-18,0.120651751652127,0.0880463856845226,-0.0220313837774031,0.0005813360660465,0.006110868979978,0.0022116707122365
2020-10-25,0.0942717931986879,-0.0201810764471699,0.0316343855913765,0.0005796924216629,-0.0458054865312035,-0.0076968614273413
2020-11-01,0.0451819943392598,0.092450942237324,0.0115333297954182,0.0005821578884255,0.0734387500250828,0.0082814858228292
2020-11-08,0.0802977464373539,0.0563075249278533,-0.0332385761628042,0.0004509334841399,0.0437845656666782,0.0026589723503542
2020-11-15,0.1350676162126306,0.1648831418331532,-0.0250936010426887,0.000550106656016,0.0084986999931476,-0.0003238866425074
2020-11-22,-0.0569067899559054,-0.0303754103905235,-0.0493956404420155,0.0005646256502517,0.0295934229739698,-0.0009074410786031
2020-11-29,0.0528476867128386,0.0800311401391286,0.0033207890417052,0.0005531200886143,0.0132884339935709,-0.0005189077109365
2020-12-06,-0.0328382845454964,-0.0646954518552138,-0.0142760708735109,0.0005528461462206,0.0284358224255,-0.001623324274534
2020-12-13,0.2425406310377099,0.1530674166216936,0.0277227001111402,0.0005361355184247,-0.0008640786574357,-0.0013005594237931
2020-12-20,0.1153835843547518,-0.0218594575306888,0.0089168197264124,0.0005840754679239,-0.0084048285446807,-0.0037159011432974
2020-12-27,0.1992495740898855,0.1990212762051585,0.0147212024858665,0.0005791445372506,0.0130583597689737,0.0002612159617804
2021-01-03,0.2175663061924827,0.4955934970044651,-0.0299538291303005,0.0003481989692878,0.0491807093902823,0.0022827337484676
2021-01-24,0.0721080534581535,0.1160692951142765,0.0024725285993196,0.0005898282213518,-0.0317864598777762,0.000265005964185
2021-01-31,0.1210033895482872,0.1824439837182737,-0.0333120883821692,0.0005909239750939,0.0346821250477999,0.0013239774209933
2021-02-07,0.1709203907870483,0.0668790140344336,-0.0061762406963546,0.0005495587878123,0.0100736796137154,-0.0103069702551473
2021-02-14,0.1756723215475573,0.0581917882940687,-0.0174109225425467,0.0005355875597916,0.00559840843016,-0.0081205774928608
2021-02-21,-0.1855483909304709,-0.2645981627918474,-0.0209424162832426,0.0006569503279413,-0.029350137646608,-0.0066256749721373
2021-02-28,0.0520079403856775,0.1173286285195366,-0.0242550513946722,0.0003397067901185,0.0199658447113365,0.0053445312076809
2021-03-07,0.2130680431899856,0.1404959588650648,0.0027767649732499,0.0005544898000592,0.0360627720845327,-0.0067700481989018
2021-03-14,-0.0413329190443565,-0.0518891840252197,0.0212468494933666,0.000457234123857,-0.0183161778703538,-0.0094185790444479
2021-03-21,-0.0185612914443015,-0.0314966094994328,0.013244235597792,0.0005651735359408,0.0041837280644637,-0.000548734494872
2021-03-28,0.0324077534291675,0.1703875611951384,0.0093978092642231,0.0005879106318725,0.0194073953960401,-0.0021979540409829
2021-04-04,0.057481217563433,0.0719071565124224,0.0196548724551056,0.0006084561252412,-0.0204968669094782,-0.0110628245738209
2021-04-11,-0.0155882360970169,0.0624588818815429,-0.0016154340719442,0.0005922936559209,0.0317368652999314,0.0160698654539535
2021-04-18,-0.1924656039325666,-0.056397297708917,-0.0107327192843072,0.0006125652134235,-0.0003529930091228,-0.0009583134418115
2021-04-25,0.1463310661502497,0.2873400678879335,-0.0018263321022902,0.000595854901715,-0.0148913924607524,-0.0020566264875766
2021-05-02,-0.0012385568236313,0.2634547113458755,0.0154450620133224,0.0006569431230947,0.0383874306643886,0.0016456394278838
2021-05-09,-0.2280169213769816,-0.0670876526750569,0.0092509438482966,0.0004868196354067,-0.0123193398785594,-0.0031565249566996
2021-05-16,-0.2261965022538096,-0.4684118456662772,0.0152510237397557,0.0005158570410175,0.0062701628265079,6.872616064017703e-05
2021-05-23,-0.0857877320502066,-0.0130349053031497,0.0055761435982364,0.0006706399445761,0.0189613895135252,-0.001306605419186
2021-05-30,0.0215240831530142,0.1389823280676216,-0.0118447781945713,0.0006700920735208,0.0203987449825736,-0.0049668976283369
2021-06-06,-0.0107987063573394,-0.1136713336438817,-0.0163975845760162,0.0006550255824683,0.0089163038932223,0.0006913239127738
2021-06-13,0.0110208304702781,-0.0792144628111498,-0.0525456812516794,0.000667078630796,-0.0100936433999192,0.0004836425285139
2021-06-20,-0.1050478891104051,-0.1770986525285334,0.0011434491890393,0.0005865323377374,0.0075680242388879,-6.907747041047808e-05
2021-06-27,0.089127650901688,0.2094360335167014,0.0180850223215393,0.0007114562013573,0.008725238081143,-0.0049167371650042
2021-07-04,-0.0212267114624862,-0.0375196245751392,0.0266733242231405,0.0007213177824252,-0.0026189248370324,-0.0006249783197075
2021-07-11,-0.064942018987112,-0.1100865096780791,-0.0020498228828865,0.0007350144556264,-0.0223366303607575,0.0
2021-07-18,0.065997480135408,0.120918841185579,-0.009906538106563,0.0007659687143461,-0.0094901367706458,0.0084388686458646
2021-07-25,0.1975993720330885,0.1545636703042225,-0.0014209734137875,0.0007900745567749,0.0098693601098896,0.0039870816549535
2021-08-01,0.0754216724715634,0.2252104200165952,-0.0241056959035503,0.000905397238018,0.0089165873842928,-0.0036427408919355
2021-08-08,0.0505432330039747,0.0299411804450481,0.0060099553077105,0.0008062362874788,0.0176188013422641,-0.002827100659038
2021-08-15,0.051577587843541,0.0016209497328125,0.015141630714203,0.0008607478174761,-0.0104598848727215,0.0016558579745916
2021-08-22,-0.00922916189192,-0.0034989734347206,0.0102382804723866,0.000893070907008,0.0141658932018247,-0.0024848162978281
2021-08-29,0.0094697599059839,0.1691371298038823,-0.0059751478748571,0.0008851271273191,0.0289838619712526,6.910611246307635e-05
2021-09-05,-0.0938734580375317,-0.1668797209624511,-0.0152409450425467,0.0008678698312895,0.0002398692723972,-0.0012446412891507
2021-09-12,0.062864570317659,0.0458742493328001,-0.0231902572817752,0.0008834835452204,0.0080892920797249,-0.002355224142195
2021-09-19,-0.1254250511520918,-0.163587272854832,-0.004198847834049,0.0009133412320033,0.0007580449739963,-0.0085670034673829
2021-09-26,0.1102045042729079,0.1479265241010605,0.0058395553944916,0.0009056713828515,0.0120022806375762,-0.0050490990855781
2021-10-03,0.1304852874169658,0.0416506747470563,-0.01366302188802,0.0009188196766997,0.0362827020494415,-0.0040859514401178
2021-10-10,0.0902593791087058,0.0564358812937336,-0.006037302502034,0.0008823878686168,0.0056048392453485,0.0009877937725506
2021-10-17,-0.0025174359661843,0.0755083518609614,0.0042628565489109,0.0009056713286014,-0.0153358454025262,-0.0162096539373576
2021-10-24,0.0173215119329858,0.044518863404862,0.0033438633047785,0.0009431986959362,-0.0112521194463228,-0.0200535188585788
2021-10-31,-0.0014110786019625,0.0488874893415793,0.0232130013862716,0.0010037348589731,0.0059485373779441,-0.004397222182322
2021-11-07,0.0690038103605372,0.0504669236192444,0.0483952620148628,0.0005769308084698,-0.0128008767852509,0.0077553798133152
2021-11-14,-0.0673831007815666,-0.0440115143747475,-0.0024017148007183,0.0010072957749033,-0.0258525874210575,-0.0135747030751706
2021-11-21,-0.0580300276276201,-0.045366989214004,-0.0005071504741417,0.0010135958797551,-0.052517033502703,-0.0069686693160933
2021-11-28,-0.1300499771350069,-0.01580355672027,-0.02729229592324,0.0010051044376773,0.0264333027028844,0.0060078059434485
2021-12-05,-0.0047939734930927,-0.0188759911600924,-0.0079058714190656,0.0009766168869422,-0.0398395508706761,-0.0043724826027178
2021-12-12,-0.0408736176882719,-0.0185704011282638,0.0187356618809393,0.0010089392676382,-0.009877811323224,0.0016326534238853
2021-12-19,0.0667384424920386,0.0268149351378204,-0.0005112153296166,0.0010133219630238,-0.0055346297146883,0.0058408357985049
2021-12-26,-0.0410866683724575,-0.0700828450708426,0.0244574536977294,0.001088100738381,0.0225751177852871,0.000884238507249
2022-01-02,-0.121444067556557,-0.1865354913527599,-0.0036256444610462,0.0006730751685509,-0.0090100138074084,-0.0002946593023161
2022-01-23,0.0894632767485807,0.079734072335584,-0.0184072404443239,0.0011332962113043,0.0142470852429294,-0.0048782473139307
2022-01-30,0.0556083838007028,0.1217920223075497,-0.0167456302785577,0.0011530177254166,-0.0050548917122811,0.0054960079513376
2022-02-06,0.0366406407331454,-0.0149447737786576,0.0462861527791229,0.0011152180711581,0.0215494193744697,-0.0122719986734537
2022-02-13,-0.0495775774037045,-0.0521483605003479,0.0220086715802432,0.0011576738958489,-0.0441891910613581,-0.0077668769996171
2022-02-20,0.0459050937341085,0.0752673372484502,0.065073480672169,0.0012957224980714,-0.3173933824590503,-0.1576616008088166
2022-03-20,-0.0345310483433402,-0.0235394699755508,-0.0691720731842127,0.0027554049280474,0.0055100339017687,-0.0026776249782294
2022-03-27,-0.1061698305198312,-0.0441103185247182,-0.1511816047094922,0.0026765437497842,0.1051777387936476,0.080184936975857
2022-04-03,-0.1671934250863497,-0.1530596489811423,-0.0872993309300749,0.0026483395853273,-0.0623927187443917,0.0154109739238374
2022-04-10,-0.0072039215436514,-0.0132740855972869,0.0648152747154334,0.0026256118509083,-0.0668801170250984,0.0262878440272725
2022-04-17,-0.0826555238646971,-0.1009182593906445,-0.0814493105820997,0.0022279966789451,-0.0828263148644928,0.0366423766737501
2022-04-24,-0.1072434577369341,-0.1337364159575251,-0.0787765919240346,0.0022252581737658,0.0911135643570018,-0.004507539955721
2022-05-01,-0.0818955208107666,-0.0561875589127757,-0.0293057933768875,0.0022452492090862,-0.0215543047494773,-0.0079573905997176
2022-05-08,-0.2373173196122235,-0.3209259810703113,-0.1114432390729831,0.0011458085132979,-0.0363956580177652,-0.0028802324095697
2022-05-15,-0.0908535249522376,-0.1094296765544458,-0.0502648105734735,0.0011600496567476,0.02809985000712,0.0063892877687992
2022-05-22,0.0880519024374853,0.0050754300321046,0.1058053329243001,0.0018911491022971,0.0143617097669899,0.0284118938379382
2022-05-29,-0.0617171862805965,-0.0836513034657683,-0.0912095553083181,0.0017720122525427,-0.0422319003407059,0.019008773473855
2022-06-05,-0.1206724609904272,-0.2345336210320394,-0.059667630791005,0.0014622519110172,-0.009800777256511,0.0090696714222861
2022-06-12,-0.4096705339793803,-0.4374849518766619,-0.023929297756889,0.0014406142949303,0.0295139430535085,-0.0011292205814675
2022-06-19,0.0690191552235328,0.1660936906826431,-0.0620215966886021,0.0010300042434344,0.0158174529802615,0.0110862558671222
2022-06-26,-0.090035350039199,-0.1316637532362776,0.011589890112877,0.0012146469637407,-0.0804675644127648,0.0004468608102958
2022-07-03,0.2263175182563443,0.2432243184022101,0.0728650820959276,0.0012253292898032,0.0071797866406022,-0.002609507538574
2022-07-10,-0.0812660946975381,0.0446389685662536,-0.0839416941896538,0.0012160164707199,-0.0521767543764086,-0.0034400273229767
2022-07-17,0.0594699702089803,0.1355893669665515,0.0136487803180811,0.0012760015084565,-0.006071906574578,0.0149450716521146
2022-07-24,0.1238014617230399,0.1631119669139628,0.0950626639379559,0.0012740842299846,0.0543264861966848,0.0051527533956563
2022-07-31,-0.046651321880059,-0.0203882566156575,-0.0119755810878536,0.0011122050481134,-0.0747847236127813,-0.0019107817969197
2022-08-07,0.0636708314659834,0.1603872738078392,0.0158551222984279,0.0010856355149603,0.0442949204604588,-0.0080505623327532
2022-08-14,-0.1703549488784954,-0.2553732823680568,-0.0555354199777115,0.0010891963428818,0.0220297268823238,0.0028879282539461
2022-08-21,-0.0302766657421837,-0.0318906996457123,0.0171163074027204,0.0010897442366673,0.0330357883070749,-0.0013318536929893
2022-08-28,-0.0088378579599019,0.0451025026110589,-0.0134223233089506,0.001086731205594,0.0855142978149175,0.0025880888480367
2022-09-04,0.0880874773640871,0.1306670797180089,0.0030201042405753,0.0010881007630652,-0.0185364806457868,0.0017708261102079
2022-09-11,-0.0790101676307665,-0.1943896025607416,-0.0296252634385288,0.0010719398781272,0.0037521334884358,0.0005895792049328
2022-09-18,-0.1007515400960678,-0.1489371858106752,-0.0590534043294132,0.0010503006233759,-0.1529188126884893,-0.0517082908931855
2022-09-25,0.0293360587554212,0.0051527569569706,0.0191491118656802,0.0010245525406008,-0.0655307814930992,-0.0247430444617731
2022-10-02,0.0480676359914365,0.0452176068650552,0.0635238864836619,0.0010563267220602,-0.0064376474873764,0.0231901285506585
2022-10-09,-4.580814157876986e-05,-0.0133139132415985,-0.0136787701014975,0.0010933050995523,0.0031983763304295,0.0058110418046079
2022-10-16,-0.0061380566955316,0.0169429860009375,-0.0042153669404877,0.001042083177486,0.0464349731712756,0.0095341334226879
2022-10-23,0.0840094095061085,0.2131784906857374,-0.0052890624559514,0.0010483832259147,0.058899914012289,-0.0009186955170725
2022-10-30,0.0327418214118438,0.01392974211562,0.032569321398007,0.0010492049759585,-0.0054491510118169,-0.0077659842076778
2022-11-06,-0.2631720371757922,-0.2841008993776183,0.026931825132231,0.0008347074181996,0.0281358307314314,-7.719325334793775e-05
2022-11-13,-0.0079648301324199,-0.0334726743599078,-0.0141346085776918,0.0010294829630556,-0.0050274080968834,0.0076133716459275
2022-11-20,-0.0129860864557035,-0.0086645394634374,0.0053052049018103,0.0010045564870912,-0.0050664769661839,0.0007658140977733
2022-11-27,0.0501252039218266,0.0533279365920886,0.0479062996648436,0.0009708645502005,-0.0067328009778204,-0.0013788879157345
2022-12-04,0.0211833457615814,0.0277812007414807,0.0062494121065833,0.0009867519135921,-0.0011885396817981,0.000613073817961
2022-12-11,0.0142891944055545,-0.0298290122081749,0.0325515169616615,0.0009955173243979,-0.0209259248090022,0.0005361314416323
2022-12-18,0.085936068707996,0.1100072957463212,0.0854630562944215,0.0009960651505822,-0.0041017072754498,-0.0030674870678618
2022-12-25,-0.0222489034382123,-0.0248038009291687,0.0103436248841557,0.0010114045471056,0.0140717679576247,0.0015349197180837
2023-01-01,0.0555661117869088,0.0867958938904937,0.0536909247872686,0.0008064940319476,0.0010532397372214,0.005811302483895
2023-01-22,0.0201236970410312,-0.0236934415060015,0.009510945089352,0.0009511424007417,0.0104040387142566,-0.0006911115652314
2023-01-29,0.0290468713832816,0.0742155871105792,-0.0163165217182507,0.0009566208103229,0.0265696789642999,-0.0010760127085366
2023-02-05,-0.0260674228311487,-0.0415041589373403,0.0382964407681729,0.0009640166465513,0.0058893089765405,-0.0032350024361346
2023-02-12,0.1315613847985885,0.1071714033072919,-0.0002660982229986,0.0009462118307008,-0.0418527787816871,-0.0085225587519121
2023-02-19,-0.0368659964413244,-0.0345600501484565,0.0076109822299319,0.0009763429766634,0.0178898099993956,0.002952375697484
2023-02-26,-0.0425497647767677,-0.0242262229375157,0.0175379441056677,0.0006081575252422,0.028647809874598,0.001163016219481
2023-03-05,-0.0816961165770678,-0.0567840570138805,0.0130709856997359,0.0010363309413612,0.0017808269060136,0.0022446698538239
2023-03-12,0.2863481249127337,0.1910665662219927,0.0748526414358848,0.0008259421011827,0.0202353921210919,-0.0051936088215479
2023-03-19,0.0208426598091895,-0.0091512278440352,-0.005207444058549,0.0009867519187693,0.0291685843069443,0.0035686616616614
2023-03-26,0.0418204471546722,0.0507921797679788,0.0020314030199643,0.0009848344962486,0.0244281280707364,-0.0003872816747991
2023-04-02,0.0262265342610493,0.0598288936948401,0.0646689586233882,0.0009993521553339,0.0232796565153213,-0.0042700270617205
2023-04-09,0.089165204581185,0.1309722249591412,0.0056498601464373,0.0009642905508274,0.0183524004436134,0.0022537409967041
2023-04-16,-0.0866996002507361,-0.1104988051063499,-0.011211634918899,0.0009889432715273,0.0327664640675442,0.0016288543450099
2023-04-23,0.0318927005417328,-4.996690672311328e-06,-0.0145038724762523,0.0010031870125303,-0.0018995662493384,0.0043306849835685
2023-04-30,-0.0493981856772922,-0.0423696221176756,-0.0229939851239199,0.0009607294745541,-0.0373894838664096,0.0015421392523445
2023-05-07,-0.0678397704777131,-0.0480680598880634,0.0042778363424309,0.0007796499803244,0.0105538257604568,-0.0007707723520175
2023-05-14,0.0389133279436054,0.0400274703945222,0.0089952375593929,0.0005681653687768,0.0234979499646965,0.0006937218453723
2023-05-21,-0.0088365048115448,0.0063558427526173,-0.0146626930846227,0.0010040087750293,0.0210512672849162,0.0002311337118806
2023-05-28,0.0257815385476416,0.0512207787081292,0.0184943674539935,0.0009968869128561,0.0138667150815126,-0.0013876042929516
2023-06-04,-0.0325912183819212,-0.0633237785754684,0.0204675994100573,0.0010023652710399,-0.0042155595710846,-0.0009261403764556
2023-06-11,0.0436511906372163,0.0043553615426617,0.0163651234280541,0.0010042826937111,0.0336763942538081,-0.0017001549690339
2023-06-18,0.147780342330375,0.0884287605245639,-0.011900121584953,0.0008075896945208,-0.0020479469616505,-0.0028658863192247
2023-06-25,0.0574223535918327,0.081754649511039,0.0547494608492857,0.0009862040988127,0.0008261167797809,-0.0039637871040545
2023-07-02,0.0090153278335136,-0.0124647422537731,0.0212565331324963,0.000997434721333,0.0124835543023043,-0.002417060940494
2023-07-09,-0.0130410409626339,0.0217174302156118,0.0026756377799581,0.0010059262010015,0.0244849840805173,-0.0040675900888792
2023-07-16,-0.0072241188338938,-0.0248205296976548,0.0122113102378108,0.0010409874852762,0.0071469823257485,-0.0055806786613023
2023-07-23,-0.0060998859363912,0.0162573827508951,0.0080985787333846,0.001091935532552,0.0286829673109637,0.0009454030484351
2023-07-30,0.032686945370938,0.0187437906933881,0.0334438315077745,0.001135213569901,0.027482245236638,-0.0045777506934757
2023-08-06,0.0507043779677117,0.0456948428239517,0.0237096094678618,0.0011461699617696,0.020189707789221,-0.0093785459315251
2023-08-13,-0.1788099549670341,-0.1612960862503132,-0.0719901369751621,0.0011428830567312,-0.0141351988805149,-0.0018383092736399
2023-08-20,0.0144186916106852,0.0039368098749097,0.0314304664720063,0.0015246957820586,0.0147118015032408,-0.0063400557461987
2023-08-27,0.0013416380450898,0.0009332851407474,0.0196203157914646,0.0016276802416363,0.0231732728416186,-0.0034678852448869
2023-09-03,0.0186734112943664,0.0165497838873286,0.0065750571780405,0.0016295974243885,-0.027760429567529,-0.0270220322596319
2023-09-10,0.0152008544395551,-0.0106987000887204,-0.0069964051825191,0.001635075088774,0.0030657280647682,0.0021557093166967
2023-09-17,-0.0051539895279029,-0.0309056353160276,-0.0050633831848283,0.0016589028003475,-0.0333686789790193,-0.0003313452647942
2023-09-24,0.0320122922306512,0.0648836215870251,-0.0229622470047466,0.0017145005171802,0.0272373699890676,-0.0113315660095499
2023-10-01,0.0609360449103962,0.0019757683098332,0.015854685309646,0.0016999849428358,0.003704917309455,-0.0086682638283644
2023-10-08,-0.0724740173034835,-0.0813539609930267,0.0208204092841805,0.0017057364092559,0.0149721443144068,0.0033752457998712
2023-10-15,0.0879772296919038,0.0265371774839996,0.0052790178873819,0.0017774921889114,0.0238156606943275,-0.0021081932166234
2023-10-22,0.1178811985393643,0.0739364181835014,-0.0002049129069547,0.0018043319329137,-0.0138880640454516,-0.006266427483547
2023-10-29,0.0101860757484686,0.0255376494693695,-0.0250115510141379,0.0017651677624997,-0.0048345995880363,0.0191828194167739
2023-11-05,0.0563433594598607,0.0998263608022337,-0.0296503027357619,0.0019782386822465,0.0103648754732693,0.017594308400951
2023-11-12,-0.0409404924459656,-0.070838267444381,-0.0030832793795547,0.0015742106949941,-0.0110788305181951,-0.004842624475788
2023-11-19,0.0170973667268851,0.0443529160992643,-0.004648012152203,0.0020404055100908,0.0035553655857343,0.0073776873700027
2023-11-26,0.0634771952009509,0.0586663617482857,0.0540469705771284,0.0020675176738221,-0.0237336318304882,-0.0041740045050384
2023-12-03,0.1188687106837443,0.0944091823781408,-0.0167959527757131,0.0020609450255416,-0.0200254832467019,-0.0140405345853556
2023-12-10,-0.0514644930429501,-0.0666147447047219,-0.0104529338889966,0.0020006955350894,-0.0150807257258444,-0.009947003902036
2023-12-17,0.0523962385244051,0.0539891635766036,0.0360193359079557,0.0020888785187631,0.019160069486782,0.022592323028594
2023-12-24,-0.0546538505908661,-0.0253385970348036,-0.0133168069590773,0.002119550646608,0.0021092795088353,-0.0058482107293082
2023-12-31,0.0490489406645594,-0.016091094924302,-0.0018120028866519,0.0016728008527019,0.0119511067256537,0.00313428168166
2024-01-21,0.0274350224793481,-0.0688991940158289,0.011969753590707,0.0021362558769087,-0.0009984865544117,0.0012361450335876
2024-01-28,0.0353086747601988,0.0270475865162763,0.0245030652971575,0.0021784294652414,0.0197641325236069,-0.0049537749916928
2024-02-04,0.1031693098936812,0.0833676958287286,-0.0087523977189202,0.0021858235082625,0.0049561607341063,-0.0038976704815142
2024-02-11,0.0927061026125363,0.1226123896709551,0.0089651571530706,0.0021850019548263,3.0841066733212806e-05,-0.0043300925346556
2024-02-18,0.0053664622282156,0.0782760766762995,0.0179818192365519,0.0021672014719373,-0.0313834532481914,-0.0046842411038475
2024-02-25,0.1712574974503266,0.1209716469103337,0.0103297694266931,0.0017253812535611,0.0388130403289447,-0.0019302595057958
2024-03-03,0.0861239016528468,0.1207602827185039,0.0324722819597232,0.0021458408156886,0.0148946746170328,-0.0135320062185762
2024-03-10,-0.0206047184164164,-0.0777266685993775,0.0149279996828118,0.0016947094142329,-0.0047190504383675,-0.0120787865067514
2024-03-17,-0.0208937336032092,-0.0568208992572998,0.002828605367079,0.0021674753226575,-0.0080869863086051,-0.0063113510844407
2024-03-24,0.0800558954609032,0.047469345522099,0.0276402521545649,0.002136255868509,0.0178750812207017,0.0006936015537299
2024-03-31,-0.0101938048780455,-0.044930123448736,0.0428016109449437,0.0021214675498272,0.0186809635912926,-0.0087922220356179
2024-04-07,-0.0659808745110256,-0.0994710896264611,0.0159658640934968,0.0021422807112509,0.0177685541030378,-0.0031526429474969
2024-04-14,0.0142790552162045,0.0464392506018307,0.0168914069724402,0.002156795005595,0.0042268711375146,0.0069924242600921
2024-04-21,-0.0315672829043402,0.022724359587378,-0.0304435504555008,0.0021532349211816,-0.001450251309076,-0.0074310784760129
2024-04-28,-0.0018917637159069,-0.0520912388989815,-0.0242575918337245,0.0025794454407574,-0.0069720388621941,-0.0052789142472825
2024-05-05,-0.0419838424166846,-0.0607871571107615,0.0322589957359744,0.0008677569186545,0.0023245869527096,-0.0007059654370153
2024-05-12,0.0811867470547291,0.0554734542257707,0.0086862210712711,0.0013238174580361,0.014992361853781,-0.0135983964517314
2024-05-19,0.0189672661691107,0.1670193816748464,-0.0499650256788237,0.0021929436548162,-0.0305573330986151,-0.0206136943772122
2024-05-26,-0.0158336672507469,0.0240280779566677,0.0034885400173175,0.0021704877342034,-0.054237181899199,-0.0175087406725518
2024-06-02,0.0142198788177499,-0.0442318299447028,-0.0232193713494419,0.0021814418446896,0.0049702369304953,0.013297822696353
2024-06-09,-0.0429874276833713,-0.0285623595906834,0.0197900805990034,0.0021891097349063,-0.0053681788300123,-0.0121828917994776
2024-06-23,-0.090404928516929,-0.0720105659060467,-0.0355780745644933,0.0021107872418401,0.0098538658577058,-0.008298802814695
2024-06-30,-0.0195510173632124,-0.0701934091642197,0.0538633555718598,0.0021255755012745,-0.0016085921944423,-0.0102584307455227
2024-07-07,0.0147204718911659,0.0325912038624614,0.0067849446121631,0.0021973253196644,-0.0567851033852082,-0.007787313807059
2024-07-14,0.1237372189210145,0.1001983018256421,-0.0064380268187957,0.0022107438485998,0.0094962138675729,-0.0048740957582454
2024-07-21,-0.0079920920288223,-0.0981529487636662,-0.0246429539131187,0.0022085532165999,-0.004019613091781,-0.0081766604372454
2024-07-28,-0.1183686122078311,-0.1185179840427683,0.0168471453744311,0.0021148950993904,-0.0315302741609599,0.0145750015129877
2024-08-04,0.0201124742253561,-0.0906018329019229,0.0111766487845912,0.0023630031754655,-0.0184096994534201,0.0211922223456433
2024-08-11,0.0047836759820879,0.030418331653752,0.0597696021606597,0.00235588324729,-0.0070202697629351,-0.0180557848555131
2024-08-18,0.0983371041706203,0.0799468340456723,0.0245689037337779,0.002438309412263,-0.0596127070872315,-0.0102056300932599
2024-08-25,-0.0935278832825959,-0.1059354665021491,-0.0129386127184111,0.0024374878684269,-0.0046151901076516,-0.0103108598374666
2024-09-01,-0.0886117480692745,-0.1030922520500134,-0.0057150573537102,0.0025171742892079,-0.0102206366329896,0.0152836156140682
2024-09-08,0.0985083490299707,0.0569543187433514,0.0274483227345378,0.0025231988360938,0.0209801070275509,-0.0148962439260942
2024-09-15,0.0802084733291746,0.1037056078951779,0.0433216926444038,0.0024788372785455,0.0378560365392506,-0.0108056539350548
2024-09-22,0.0600924885699848,0.0446892789679578,0.0347479803525677,0.0025516774650792,0.0270221071726771,-0.002155595582868
2024-09-29,-0.0523747839583698,-0.0953927954542922,0.0049766275514761,0.0025201866690174,-0.0190499441046545,-0.0177135896686757
2024-10-06,0.0266469654756021,0.0335333805590736,0.0097990842128047,0.002509233278139,-0.0180248586765197,-0.0022989664780904
2024-10-13,0.0879760814402599,0.0761337433453334,0.0333002476806152,0.0025437363325338,-0.0009516165485803,0.0006002401140601
2024-10-20,-0.0133507743049071,-0.058674769224842,0.0156620773069319,0.0025552373563141,-0.0338301302195178,-0.0156229554649029
2024-10-27,0.0405126782843791,0.0116748394871721,0.0031122267106889,0.0025574280342194,-0.025113884912309,-0.019282648733579
2024-11-03,0.0969983149744432,0.2229383769901973,-0.0230575860850724,0.0033631668264354,0.0526229783483023,0.0272758111368741
2024-11-10,0.1901699810689297,0.0256708643928693,-0.0224372070454524,0.0022281464166802,0.0016990122414986,0.0126178321347171
2024-11-17,0.118691845497463,0.1228931944644644,0.099979959172841,0.0028550750782005,-0.0594732647744173,-0.0122148094592368
2024-11-24,0.0070692271612462,0.1075477735264313,-0.0015955634867397,0.0028276934040998,-0.0011823883681437,-0.0067721489930408
2024-12-01,-0.0225188417787092,0.0187263493111938,-0.0653010371300543,0.0028359078298926,-0.0163351780481597,0.0034423441909726
2024-12-08,0.0542424229575277,0.0067261819555859,0.0443958567220819,0.0028720516411896,-0.0203255872614342,-0.0034423441909727
2024-12-15,-0.056387427374009,-0.1624356355244243,-0.0249424507939664,0.0029073730436097,0.0598271139387933,0.0387915369698731
2024-12-22,0.005898203940775,0.0459049581835277,0.0260561159229993,0.0029865048450202,0.054667081453839,0.0402520760500106
2024-12-29,0.0742812216542523,0.1152202220723708,0.0512107428011595,0.0028066094066612,0.0148992012010394,-0.0015005160838474
2025-01-19,0.055586672477751,-0.0441033987577507,-0.021449489645074,0.002852336870416,0.0008212493631973,-0.0024844733276619
2025-01-26,-0.0319860305370964,-0.0539568036986773,0.0185534365822395,0.0028638371569911,5.427371593099937e-05,-0.0089376405824011
2025-02-02,-0.0587337574005629,-0.1860847330740323,0.0048740403663872,0.0028361817549098,0.0062320245387645,-0.0028034239444178
2025-02-09,-0.0508798301672288,-0.0392542694832495,-0.0545459067818542,0.0027827870827502,0.0710593694310083,0.0349110451924465
2025-02-16,-0.0397118318409144,-0.0036351538349717,-0.0110666261170716,0.002852884473855,0.030393679435124,-0.000935278781234
2025-02-23,-0.1051057317368945,-0.2101673746373275,-0.0168873873580845,0.0028767065374491,-0.0255451699024449,0.0062497288447267
2025-03-02,0.0087137167018435,0.000662903702759,0.0250615464943483,0.0028958735557325,-0.0105539224665178,0.0320276253769623
2025-03-09,-0.0733484698272577,-0.1801556295208116,-0.0263150249974754,0.0029153142963013,0.0088652505493671,0.0033265933127307
2025-03-16,-0.0177209421769825,0.0105071938784712,0.0012872087552138,0.0029169571505556,-0.0010866349678599,0.0069767724856482
2025-03-23,-0.0090417921290769,-0.0750542657882233,0.0250906828172173,0.0029358502367776,-0.0533995472384808,-0.023904083201298
2025-03-30,0.005595997209113,-0.0170718729502863,-0.0205600620817412,0.0029355763580224,-0.0839666345991212,-0.0187059128584385
2025-04-06,0.0057683315085433,-0.1090195277453869,0.0489162271898382,0.002946528883486,0.0170891328701533,0.0030647806668601
2025-04-13,-0.0164250754801252,-0.0331582229504997,0.0137680139534523,0.0029448859919703,0.0150282783972626,0.0013899830806713
2025-04-20,0.1127897191341472,0.1276106857764337,0.0037401680061052,0.0028775277763524,0.0453801426642881,0.0100429277327193
2025-04-27,0.0146802712305921,0.0087793410667322,-0.0224424926043344,0.0028361817517608,-0.0580154590364494,-0.0144046812025483
2025-05-04,0.0858510668002193,0.3397665168934479,0.0224877709393484,0.0017003399643261,0.0050038521111668,0.0097182494689213
2025-05-11,-0.0345622314026686,-0.0613460241388912,-0.0556914680202212,0.001695137430888,-0.003721493523306,-0.0038759738446929
2025-05-18,0.0254206433451899,0.0030018013911072,0.0284646284983831,0.002850146390305,-0.0250403426866577,0.0064516352814885
2025-05-25,-0.055289025670097,-0.0259655002937386,-0.0459467298549155,0.0028553489239679,0.020979777977921,0.0098730119102159
2025-06-01,0.026464244702631,0.0159117003284068,0.0235637473114474,0.0028526107384516,-0.0151988948928194,0.0172254788947278
2025-06-08,0.0094950365136878,0.0135098938206206,0.0471778318709786,0.0028586346495699,-0.012947035170632,0.0086357091313289
2025-06-15,-0.0471810219476666,-0.1132188557806331,-0.034238684243734,0.0016269560114007,0.0002617534588214,0.0046871631246442
2025-06-22,0.0495876534909494,0.0593387943335237,-0.028298548607287,0.0027063906984576,0.0198201606185801,0.0094837380989096
2025-06-29,0.0115348011443154,0.0357843003417839,0.0220551303090955,0.0027047477483085,-0.0015906532877237,0.0084418063661936
2025-07-06,0.0716457857956205,0.146340008750396,-0.0043237450801609,0.0027455474113022,-0.0586647532406075,-8.666637783300418e-05
2025-07-13,0.0132203978159652,0.2090659395799574,0.0079311086037668,0.0026905086940091,0.052571233881008,0.0217753996122832
2025-07-20,0.0094411154955412,0.0494660417738941,0.0049004900384398,0.0026286239780933,-0.0044052459031311,0.0045689224077926
2025-07-27,-0.0392066139037219,-0.0899276062235195,0.015073940482097,0.0026165755076696,-0.0161483554960261,0.004464105118243
2025-08-03,0.0342703346814459,0.2274572585892458,0.0106187940050425,0.002516626762559,0.0696065683800231,0.010450289477657
2025-08-10,0.0099268184922722,0.0391491042126321,-0.016953685258762,0.0024369402734698,0.0294662130132572,0.0118227163546385
2025-08-17,-0.0120299360332317,0.0823715572890359,0.0159272777048242,0.0024101038467873,-0.0390413189356013,-0.0093308137444596
2025-08-24,-0.0671174499443933,-0.0966186831785161,0.0141534347535947,0.0024279035823002,0.0009040499982558,-0.0123540803296539
2025-08-31,0.0293233662886842,-0.0065666150991461,0.0562238437284862,0.0024298204602522,0.0007136910021026,0.0157496693307921
2025-09-07,0.0839824665532335,0.1215434126134505,0.0488659518059914,0.0024300942998743,-0.0215016348029789,-0.0132331006005854
2025-09-14,-0.0079190148951126,-0.0467937685120163,0.0054517289668155,0.0023734090012259,-0.0328137690482217,-0.0189450862424493
2025-09-21,-0.0551728370292892,-0.1104491026657424,0.0187195593128218,0.0023068650064586,-0.0080708801048247,-0.0115072115621428
2025-09-28,0.0962848474433348,0.0969247802315284,0.0195260156426652,0.0023224742237231,-0.0455644125165004,-0.0121656001636884
2025-10-05,-0.1082504204226433,-0.1882460255763924,0.0256372101836095,0.00231015114896,-0.006158179022817,-0.0068427322001191
2025-10-12,-0.0374590111311395,0.0319417968829162,0.0505270798177438,0.0022874218353135,0.0499491736109604,0.0188355760361775
2025-10-19,0.0229878582954612,-0.0011217114545263,-0.0506910064435471,0.0022430584345954,-0.0673407807736559,-0.0091990581879034
2025-10-26,-0.0008320824855641,-0.0071332194357818,-0.0139894243296172,0.0022474400298483,-0.0044399955538315,0.0079024335519052
2025-11-02,-0.0715488546749393,-0.1284140035710178,0.0012148745347754,0.0026818662903966,0.0132417978549401,0.0047460933892557
2025-11-09,-0.0692111610390697,-0.0723577939901547,0.0185335891704885,0.0013462732197345,-0.0160015982757352,0.0118952239095924
2025-11-16,-0.1425552289251146,-0.155991018075738,-0.0252416324823578,0.0022433322647669,0.0611815676813521,0.0033122455862794
2025-11-23,0.048859266929626,0.055545422129596,0.0192808590162593,0.002235116778552,-0.0032118204596065,-0.0087716125536305
2025-11-30,-0.03066108870478,0.0032891892572076,-0.0209371552879672,0.0022233412181974,0.0129481440439346,0.0128332190849025
2025-12-07,0.0569456405384101,0.070238258423745,0.070139719593395,0.002233199815185,0.0103435470214267,0.0044656096453366
2025-12-14,-0.015505449088491,-0.0391812888185017,0.0139659565268033,0.0022143040399567,0.0013132505197874,-0.0010934938213713
2025-12-21,-0.0430300799069448,-0.0471326852382396,0.0065568000229328,0.0021699400267633,0.0042924921947303,-0.0121932077974069
2025-12-28,0.0657737752484225,0.0933766052143809,-0.010901545611296,0.0021748693721282,0.0042488441192665,0.0059458257219739
2026-01-04,-0.0178324779118078,-0.0293062468009666,0.0243921495329195,0.0004341523175847,-0.0152129777937375,0.0034662079764863
2026-01-25,-0.1189158166087225,-0.1802910223452673,-0.0172747181997384,0.0021543303328377,0.0019604217047307,0.000256970321342
2026-02-01,-0.1141814870102183,-0.1448792877217433,0.0325709947724413,0.0021546041732835,-0.0171474090946597,-0.0050659104605305
2026-02-08,0.0021284206557446,-0.0073706431380567,0.0118295700327199,0.0021354342945991,0.014844868808293,0.0105322718686125
2026-02-15,-0.0247615667506646,-0.054091912475641,0.013046198161939,0.0020866877984241,0.0015332182224457,0.0089040232107983
2026-02-22,-0.0075865823206456,0.0027750624223643,0.04090348817464,0.0020798413191486,0.0066454953926816,-0.0029592074014778
2026-03-01,0.0256852588660264,0.0239398123205366,0.0013149050305606,0.0016738962842319,0.0194478335625544,-0.0014404951014379
2026-03-08,0.0708150066703036,0.0761856963694452,-0.0159807777290457,0.0021006545476213,0.0061998427711799,0.0162331669281604
2026-03-15,0.0765519121577681,0.1421124687411319,0.0346149289550921,0.0016489750776849,-0.0038655885585554,-0.0008346549186663
